"Activity Date","Process Date","Settle Date","Instrument","Description","Trans Code","Quantity","Price","Amount"
"12/30/2024","12/30/2024","12/31/2024","TLT","iShares 20+ Year Treasury Bond ETF
CUSIP: 464287432
Recurring","Buy","0.113843","$87.84","($10.00)"
"12/30/2024","12/30/2024","12/31/2024","VOO","Vanguard S&P 500 ETF
CUSIP: 922908363
Recurring","Buy","0.55216","$543.32","($300.00)"
"12/30/2024","12/30/2024","12/31/2024","UBER","Uber
CUSIP: 90353T100
Recurring","Buy","0.164298","$60.86","($10.00)"
"12/30/2024","12/30/2024","12/31/2024","","ACH Deposit","ACH","","","$310.00"
"12/27/2024","12/27/2024","12/27/2024","NVDA","Cash Div: R/D 2024-12-05 P/D 2024-12-27 - 30 shares at 0.01","CDIV","","","$0.30"
"12/27/2024","12/27/2024","12/27/2024","QQQM","Cash Div: R/D 2024-12-23 P/D 2024-12-27 - 115.112329 shares at 0.31031","CDIV","","","$35.72"
"12/27/2024","12/27/2024","12/27/2024","META","Cash Div: R/D 2024-12-16 P/D 2024-12-27 - 3 shares at 0.5","CDIV","","","$1.50"
"12/27/2024","12/27/2024","12/30/2024","TLT","iShares 20+ Year Treasury Bond ETF
CUSIP: 464287432
Recurring","Buy","0.114708","$87.18","($10.00)"
"12/27/2024","12/27/2024","12/30/2024","UBER","Uber
CUSIP: 90353T100
Recurring","Buy","0.164717","$60.71","($10.00)"
"12/27/2024","12/27/2024","12/30/2024","VOO","Vanguard S&P 500 ETF
CUSIP: 922908363","Buy","0.5","$546.01","($273.01)"
"12/27/2024","12/27/2024","12/30/2024","","ACH Deposit","ACH","","","$10.00"
"12/27/2024","12/27/2024","12/30/2024","","ACH Deposit","ACH","","","$1,000.00"
"12/26/2024","12/26/2024","12/26/2024","VOO","Cash Div: R/D 2024-12-23 P/D 2024-12-26 - 61.442216 shares at 1.7385","CDIV","","","$106.82"
"12/26/2024","12/26/2024","12/27/2024","TLT","iShares 20+ Year Treasury Bond ETF
CUSIP: 464287432
Recurring","Buy","0.113884","$87.81","($10.00)"
"12/26/2024","12/26/2024","12/27/2024","QQQM","Invesco Exchange-Traded Fund Trust II Invesco NASDAQ 100 ETF
CUSIP: 46138G649
Recurring","Buy","1.37426","$218.30","($300.00)"
"12/26/2024","12/26/2024","12/27/2024","","ACH Deposit","ACH","","","$300.00"
"12/26/2024","12/26/2024","12/27/2024","HD","Home Depot
CUSIP: 437076102","Buy","0.1","$393.18","($39.32)"
"12/24/2024","12/24/2024","12/24/2024","SMH","Cash Div: R/D 2024-12-23 P/D 2024-12-24 - 2.7 shares at 1.0713","CDIV","","","$2.89"
"12/24/2024","12/24/2024","12/26/2024","VOO","Vanguard S&P 500 ETF
CUSIP: 922908363","Buy","0.4","$551.48","($220.59)"
"12/23/2024","12/23/2024","12/23/2024","TLT","Cash Div: R/D 2024-12-18 P/D 2024-12-23 - 12.198668 shares at 0.351032","CDIV","","","$4.28"
"12/23/2024","12/23/2024","12/24/2024","VOO","Vanguard S&P 500 ETF
CUSIP: 922908363
Recurring","Buy","0.458018","$545.83","($250.00)"
"12/23/2024","12/23/2024","12/24/2024","UBER","Uber
CUSIP: 90353T100
Recurring","Buy","0.484183","$61.96","($30.00)"
"12/23/2024","12/23/2024","12/24/2024","QQQM","Invesco Exchange-Traded Fund Trust II Invesco NASDAQ 100 ETF
CUSIP: 46138G649","Buy","1","$214.95","($214.95)"
"12/23/2024","12/23/2024","12/24/2024","","ACH Deposit","ACH","","","$280.00"
"12/20/2024","12/20/2024","12/23/2024","UBER","Uber
CUSIP: 90353T100
Recurring","Buy","0.494401","$60.68","($30.00)"
"12/20/2024","12/20/2024","12/23/2024","","ACH Deposit","ACH","","","$30.00"
"12/20/2024","12/20/2024","12/23/2024","TLT","iShares 20+ Year Treasury Bond ETF
CUSIP: 464287432","Buy","1","$88.67","($88.67)"
"12/20/2024","12/20/2024","12/23/2024","VOO","Vanguard S&P 500 ETF
CUSIP: 922908363","Buy","1","$542.89","($542.89)"
"12/20/2024","12/20/2024","12/23/2024","QQQM","Invesco Exchange-Traded Fund Trust II Invesco NASDAQ 100 ETF
CUSIP: 46138G649","Buy","1","$213.14","($213.14)"
"12/20/2024","12/20/2024","12/23/2024","HD","Home Depot
CUSIP: 437076102","Buy","0.4","$388.09","($155.24)"
"12/19/2024","12/19/2024","12/20/2024","UBER","Uber
CUSIP: 90353T100
Recurring","Buy","0.496672","$60.40","($30.00)"
"12/19/2024","12/19/2024","12/20/2024","QQQM","Invesco Exchange-Traded Fund Trust II Invesco NASDAQ 100 ETF
CUSIP: 46138G649
Recurring","Buy","1.173438","$213.05","($250.00)"
"12/19/2024","12/19/2024","12/20/2024","HD","Home Depot
CUSIP: 437076102","Buy","0.4","$388.56","($155.43)"
"12/19/2024","12/19/2024","12/20/2024","","ACH Deposit","ACH","","","$280.00"
"12/19/2024","12/19/2024","12/20/2024","","ACH Deposit","ACH","","","$1,000.00"
"12/19/2024","12/19/2024","12/20/2024","HD","Home Depot
CUSIP: 437076102","Buy","0.5","$389.34","($194.67)"
"12/19/2024","12/19/2024","12/20/2024","QQQM","Invesco Exchange-Traded Fund Trust II Invesco NASDAQ 100 ETF
CUSIP: 46138G649","Buy","2","$213.79","($427.58)"
"12/19/2024","12/19/2024","12/20/2024","VOO","Vanguard S&P 500 ETF
CUSIP: 922908363","Buy","1","$542.42","($542.43)"
"12/18/2024","12/18/2024","12/19/2024","VOO","Vanguard S&P 500 ETF
CUSIP: 922908363","Buy","0.5","$552.07","($276.04)"
"12/18/2024","12/18/2024","12/19/2024","UBER","Uber
CUSIP: 90353T100
Recurring","Buy","0.476568","$62.95","($30.00)"
"12/18/2024","12/18/2024","12/19/2024","","ACH Deposit","ACH","","","$30.00"
"12/18/2024","12/18/2024","12/19/2024","TLT","iShares 20+ Year Treasury Bond ETF
CUSIP: 464287432","Buy","1","$89.98","($89.98)"
"12/18/2024","12/18/2024","12/19/2024","HD","Home Depot
CUSIP: 437076102","Buy","0.1","$407.12","($40.71)"
"12/18/2024","12/18/2024","12/19/2024","UBER","Uber
CUSIP: 90353T100","Buy","0.5","$63.38","($31.69)"
"12/17/2024","12/17/2024","12/18/2024","UBER","Uber
CUSIP: 90353T100
Recurring","Buy","0.497636","$60.28","($30.00)"
"12/17/2024","12/17/2024","12/18/2024","HD","Home Depot
CUSIP: 437076102","Buy","0.1","$407.20","($40.72)"
"12/17/2024","12/17/2024","12/18/2024","","ACH Deposit","ACH","","","$30.00"
"12/17/2024","12/17/2024","12/18/2024","UBER","Uber
CUSIP: 90353T100","Buy","0.5","$60.02","($30.01)"
"12/17/2024","12/17/2024","12/18/2024","NVDA","NVIDIA
CUSIP: 67066G104","Buy","0.4","$127.87","($51.15)"
"12/17/2024","12/17/2024","12/18/2024","VOO","Vanguard S&P 500 ETF
CUSIP: 922908363","Buy","0.5","$554.66","($277.33)"
"12/16/2024","12/16/2024","12/16/2024","MCD","Cash Div: R/D 2024-12-02 P/D 2024-12-16 - 5.9 shares at 1.77","CDIV","","","$10.44"
"12/16/2024","12/16/2024","12/16/2024","GOOGL","Cash Div: R/D 2024-12-09 P/D 2024-12-16 - 10 shares at 0.2","CDIV","","","$2.00"
"12/16/2024","12/16/2024","12/17/2024","VOO","Vanguard S&P 500 ETF
CUSIP: 922908363
Recurring","Buy","0.447605","$558.53","($250.00)"
"12/16/2024","12/16/2024","12/17/2024","UBER","Uber
CUSIP: 90353T100
Recurring","Buy","0.497141","$60.34","($30.00)"
"12/16/2024","12/16/2024","12/17/2024","","ACH Deposit","ACH","","","$280.00"
"12/16/2024","12/16/2024","12/17/2024","HD","Home Depot
CUSIP: 437076102","Buy","0.1","$415.21","($41.52)"
"12/13/2024","12/13/2024","12/16/2024","UBER","Uber
CUSIP: 90353T100","Buy","1","$60.00","($60.00)"
"12/13/2024","12/13/2024","12/16/2024","UBER","Uber
CUSIP: 90353T100
Recurring","Buy","0.490932","$61.11","($30.00)"
"12/13/2024","12/13/2024","12/16/2024","","ACH Deposit","ACH","","","$30.00"
"12/13/2024","12/13/2024","12/16/2024","VOO","Vanguard S&P 500 ETF
CUSIP: 922908363","Buy","0.5","$555.02","($277.51)"
"12/13/2024","12/13/2024","12/16/2024","","ACH Deposit","ACH","","","$2,000.00"
"12/12/2024","12/12/2024","12/12/2024","MSFT","Cash Div: R/D 2024-11-21 P/D 2024-12-12 - 4.7 shares at 0.83","CDIV","","","$3.90"
"12/12/2024","12/12/2024","12/12/2024","HD","Cash Div: R/D 2024-11-27 P/D 2024-12-12 - 3.5 shares at 2.25","CDIV","","","$7.88"
"12/12/2024","12/12/2024","12/13/2024","HD","Home Depot
CUSIP: 437076102","Buy","0.1","$414.16","($41.42)"
"12/12/2024","12/12/2024","12/13/2024","QQQM","Invesco Exchange-Traded Fund Trust II Invesco NASDAQ 100 ETF
CUSIP: 46138G649
Recurring","Buy","1.149136","$217.55","($250.00)"
"12/12/2024","12/12/2024","12/13/2024","UBER","Uber
CUSIP: 90353T100
Recurring","Buy","0.481025","$62.37","($30.00)"
"12/12/2024","12/12/2024","12/13/2024","","ACH Deposit","ACH","","","$280.00"
"12/11/2024","12/11/2024","12/12/2024","UBER","Uber
CUSIP: 90353T100
Recurring","Buy","0.496374","$60.44","($30.00)"
"12/11/2024","12/11/2024","12/12/2024","","ACH Deposit","ACH","","","$30.00"
"12/11/2024","12/11/2024","12/12/2024","UBER","Uber
CUSIP: 90353T100","Buy","1","$62.02","($62.02)"
"12/10/2024","12/10/2024","12/11/2024","UBER","Uber
CUSIP: 90353T100
Recurring","Buy","0.462338","$64.89","($30.00)"
"12/10/2024","12/10/2024","12/11/2024","VOO","Vanguard S&P 500 ETF
CUSIP: 922908363","Buy","0.5","$555.64","($277.82)"
"12/10/2024","12/10/2024","12/11/2024","SMH","VanEck Semiconductor ETF
CUSIP: 92189F676","Buy","0.2","$241.08","($48.22)"
"12/10/2024","12/10/2024","12/11/2024","","ACH Deposit","ACH","","","$30.00"
"12/9/2024","12/9/2024","12/10/2024","VOO","Vanguard S&P 500 ETF
CUSIP: 922908363
Recurring","Buy","0.448674","$557.20","($250.00)"
"12/9/2024","12/9/2024","12/10/2024","","ACH Deposit","ACH","","","$250.00"
"12/9/2024","12/9/2024","12/10/2024","QQQM","Invesco Exchange-Traded Fund Trust II Invesco NASDAQ 100 ETF
CUSIP: 46138G649","Buy","1","$215.21","($215.21)"
"12/9/2024","12/9/2024","12/10/2024","UBER","Uber
CUSIP: 90353T100","Buy","1","$65.60","($65.60)"
"12/6/2024","12/6/2024","12/9/2024","VOO","Vanguard S&P 500 ETF
CUSIP: 922908363","Buy","0.5","$558.31","($279.16)"
"12/5/2024","12/5/2024","12/5/2024","TLT","Cash Div: R/D 2024-12-02 P/D 2024-12-05 - 12.198668 shares at 0.325021","CDIV","","","$3.96"
"12/5/2024","12/5/2024","12/6/2024","QQQM","Invesco Exchange-Traded Fund Trust II Invesco NASDAQ 100 ETF
CUSIP: 46138G649
Recurring","Buy","1.162954","$214.97","($250.00)"
"12/5/2024","12/5/2024","12/6/2024","","ACH Deposit","ACH","","","$250.00"
"12/5/2024","12/5/2024","12/6/2024","","ACH Deposit","ACH","","","$2,000.00"
"12/2/2024","12/2/2024","12/3/2024","VOO","Vanguard S&P 500 ETF
CUSIP: 922908363
Recurring","Buy","0.378384","$554.99","($210.00)"
"12/2/2024","12/2/2024","12/3/2024","","ACH Deposit","ACH","","","$210.00"
"11/29/2024","11/29/2024","12/2/2024","QQQM","Invesco Exchange-Traded Fund Trust II Invesco NASDAQ 100 ETF
CUSIP: 46138G649
Recurring","Buy","1.002697","$209.44","($210.00)"
"11/29/2024","11/29/2024","12/2/2024","","ACH Deposit","ACH","","","$210.00"
"11/27/2024","11/27/2024","11/29/2024","SMH","VanEck Semiconductor ETF
CUSIP: 92189F676","Buy","0.1","$235.13","($23.51)"
"11/26/2024","11/26/2024","11/27/2024","SMH","VanEck Semiconductor ETF
CUSIP: 92189F676","Buy","0.1","$242.19","($24.22)"
"11/25/2024","11/25/2024","11/26/2024","VOO","Vanguard S&P 500 ETF
CUSIP: 922908363
Recurring","Buy","0.382604","$548.87","($210.00)"
"11/25/2024","11/25/2024","11/26/2024","","ACH Deposit","ACH","","","$210.00"
"11/22/2024","11/22/2024","11/25/2024","QQQM","Invesco Exchange-Traded Fund Trust II Invesco NASDAQ 100 ETF
CUSIP: 46138G649","Buy","1","$208.12","($208.12)"
"11/21/2024","11/21/2024","11/22/2024","QQQM","Invesco Exchange-Traded Fund Trust II Invesco NASDAQ 100 ETF
CUSIP: 46138G649
Recurring","Buy","1.008751","$208.18","($210.00)"
"11/21/2024","11/21/2024","11/22/2024","","ACH Deposit","ACH","","","$210.00"
"11/20/2024","11/20/2024","11/21/2024","MCD","McDonald's
CUSIP: 580135101","Buy","0.4","$289.33","($115.73)"
"11/20/2024","11/20/2024","11/21/2024","","ACH Deposit","ACH","","","$800.00"
"11/20/2024","11/20/2024","11/21/2024","VOO","Vanguard S&P 500 ETF
CUSIP: 922908363","Buy","0.4","$539.63","($215.85)"
"11/18/2024","11/18/2024","11/19/2024","VOO","Vanguard S&P 500 ETF
CUSIP: 922908363
Recurring","Buy","0.388363","$540.73","($210.00)"
"11/18/2024","11/18/2024","11/19/2024","","ACH Deposit","ACH","","","$210.00"
"11/15/2024","11/15/2024","11/15/2024","COST","Cash Div: R/D 2024-11-01 P/D 2024-11-15 - 0.2 shares at 1.16","CDIV","","","$0.23"
"11/15/2024","11/15/2024","11/18/2024","TLT","iShares 20+ Year Treasury Bond ETF
CUSIP: 464287432","Buy","0.2","$89.72","($17.94)"
"11/14/2024","11/14/2024","11/14/2024","AAPL","Cash Div: R/D 2024-11-11 P/D 2024-11-14 - 7.4 shares at 0.25","CDIV","","","$1.85"
"11/14/2024","11/14/2024","11/15/2024","QQQM","Invesco Exchange-Traded Fund Trust II Invesco NASDAQ 100 ETF
CUSIP: 46138G649
Recurring","Buy","0.998715","$210.27","($210.00)"
"11/14/2024","11/14/2024","11/15/2024","","ACH Deposit","ACH","","","$210.00"
"11/11/2024","11/11/2024","11/12/2024","VOO","Vanguard S&P 500 ETF
CUSIP: 922908363
Recurring","Buy","0.363811","$549.74","($200.00)"
"11/11/2024","11/11/2024","11/13/2024","","ACH Deposit","ACH","","","$200.00"
"11/7/2024","11/7/2024","11/8/2024","QQQM","Invesco Exchange-Traded Fund Trust II Invesco NASDAQ 100 ETF
CUSIP: 46138G649
Recurring","Buy","0.948721","$210.81","($200.00)"
"11/7/2024","11/7/2024","11/8/2024","","ACH Deposit","ACH","","","$200.00"
"11/6/2024","11/6/2024","11/6/2024","TLT","Cash Div: R/D 2024-11-01 P/D 2024-11-06 - 10.998668 shares at 0.310541","CDIV","","","$3.42"
"11/6/2024","11/6/2024","11/7/2024","TLT","iShares 20+ Year Treasury Bond ETF
CUSIP: 464287432","Buy","1","$89.90","($89.91)"
"11/6/2024","11/6/2024","11/7/2024","HD","Home Depot
CUSIP: 437076102","Buy","0.5","$385.46","($192.73)"
"11/4/2024","11/4/2024","11/5/2024","VOO","Vanguard S&P 500 ETF
CUSIP: 922908363","Buy","0.1","$524.84","($52.48)"
"11/4/2024","11/4/2024","11/5/2024","VOO","Vanguard S&P 500 ETF
CUSIP: 922908363
Recurring","Buy","0.381308","$524.51","($200.00)"
"11/4/2024","11/4/2024","11/5/2024","VOO","Vanguard S&P 500 ETF
CUSIP: 922908363","Buy","0.1","$524.78","($52.48)"
"11/4/2024","11/4/2024","11/5/2024","","ACH Deposit","ACH","","","$200.00"
"11/4/2024","11/4/2024","11/5/2024","MSFT","Microsoft
CUSIP: 594918104","Buy","0.2","$408.35","($81.67)"
"11/1/2024","11/1/2024","11/4/2024","HD","Home Depot
CUSIP: 437076102","Buy","0.2","$397.36","($79.47)"
"10/31/2024","10/31/2024","11/1/2024","QQQM","Invesco Exchange-Traded Fund Trust II Invesco NASDAQ 100 ETF
CUSIP: 46138G649
Recurring","Buy","1.001405","$199.72","($200.00)"
"10/31/2024","10/31/2024","11/1/2024","MSFT","Microsoft
CUSIP: 594918104","Buy","0.5","$409.10","($204.55)"
"10/31/2024","10/31/2024","11/1/2024","","ACH Deposit","ACH","","","$900.00"
"10/31/2024","10/31/2024","11/1/2024","","ACH Deposit","ACH","","","$200.00"
"10/28/2024","10/28/2024","10/29/2024","VOO","Vanguard S&P 500 ETF
CUSIP: 922908363
Recurring","Buy","0.374111","$534.60","($200.00)"
"10/28/2024","10/28/2024","10/29/2024","","ACH Deposit","ACH","","","$200.00"
"10/28/2024","10/28/2024","10/29/2024","MCD","McDonald's
CUSIP: 580135101","Buy","0.5","$296.90","($148.45)"
"10/24/2024","10/24/2024","10/25/2024","QQQM","Invesco Exchange-Traded Fund Trust II Invesco NASDAQ 100 ETF
CUSIP: 46138G649
Recurring","Buy","0.987997","$202.43","($200.00)"
"10/24/2024","10/24/2024","10/25/2024","","ACH Deposit","ACH","","","$200.00"
"10/24/2024","10/24/2024","10/25/2024","MCD","McDonald's
CUSIP: 580135101","Buy","0.4","$298.40","($119.36)"
"10/23/2024","10/23/2024","10/24/2024","VOO","Vanguard S&P 500 ETF
CUSIP: 922908363","Buy","0.2","$529.66","($105.93)"
"10/23/2024","10/23/2024","10/24/2024","LULU","Lululemon
CUSIP: 550021109
Recurring","Buy","0.102481","$292.74","($30.00)"
"10/21/2024","10/21/2024","10/22/2024","VOO","Vanguard S&P 500 ETF
CUSIP: 922908363
Recurring","Buy","0.373182","$535.93","($200.00)"
"10/21/2024","10/21/2024","10/22/2024","","ACH Deposit","ACH","","","$200.00"
"10/17/2024","10/17/2024","10/18/2024","TLT","iShares 20+ Year Treasury Bond ETF
CUSIP: 464287432","Buy","1","$93.76","($93.76)"
"10/17/2024","10/17/2024","10/18/2024","QQQM","Invesco Exchange-Traded Fund Trust II Invesco NASDAQ 100 ETF
CUSIP: 46138G649
Recurring","Buy","0.983431","$203.37","($200.00)"
"10/17/2024","10/17/2024","10/18/2024","","ACH Deposit","ACH","","","$200.00"
"10/16/2024","10/16/2024","10/17/2024","LULU","Lululemon
CUSIP: 550021109
Recurring","Buy","0.102588","$292.43","($30.00)"
"10/14/2024","10/14/2024","10/15/2024","VOO","Vanguard S&P 500 ETF
CUSIP: 922908363
Recurring","Buy","0.372815","$536.46","($200.00)"
"10/14/2024","10/14/2024","10/16/2024","","ACH Deposit","ACH","","","$200.00"
"10/10/2024","10/10/2024","10/11/2024","QQQM","Invesco Exchange-Traded Fund Trust II Invesco NASDAQ 100 ETF
CUSIP: 46138G649
Recurring","Buy","0.984979","$203.05","($200.00)"
"10/10/2024","10/10/2024","10/11/2024","","ACH Deposit","ACH","","","$200.00"
"10/9/2024","10/9/2024","10/10/2024","LULU","Lululemon
CUSIP: 550021109
Recurring","Buy","0.1089","$275.48","($30.00)"
"10/7/2024","10/7/2024","10/8/2024","VOO","Vanguard S&P 500 ETF
CUSIP: 922908363","Buy","0.2","$521.94","($104.39)"
"10/7/2024","10/7/2024","10/8/2024","VOO","Vanguard S&P 500 ETF
CUSIP: 922908363
Recurring","Buy","0.381402","$524.38","($200.00)"
"10/7/2024","10/7/2024","10/8/2024","","ACH Deposit","ACH","","","$200.00"
"10/7/2024","10/7/2024","10/8/2024","VOO","Vanguard S&P 500 ETF
CUSIP: 922908363","Buy","0.38","$525.13","($199.55)"
"10/7/2024","10/7/2024","10/8/2024","","ACH Deposit","ACH","","","$1,000.00"
"10/7/2024","10/7/2024","10/8/2024","TLT","iShares 20+ Year Treasury Bond ETF
CUSIP: 464287432","Buy","1","$95.02","($95.03)"
"10/4/2024","10/4/2024","10/4/2024","TLT","Cash Div: R/D 2024-10-01 P/D 2024-10-04 - 8.998668 shares at 0.315755","CDIV","","","$2.84"
"10/4/2024","10/4/2024","10/7/2024","VOO","Vanguard S&P 500 ETF
CUSIP: 922908363","Buy","0.5","$522.50","($261.25)"
"10/3/2024","10/3/2024","10/3/2024","NVDA","Cash Div: R/D 2024-09-12 P/D 2024-10-03 - 30 shares at 0.01","CDIV","","","$0.30"
"10/3/2024","10/3/2024","10/4/2024","QQQM","Invesco Exchange-Traded Fund Trust II Invesco NASDAQ 100 ETF
CUSIP: 46138G649
Recurring","Buy","1.010844","$197.85","($200.00)"
"10/3/2024","10/3/2024","10/4/2024","","ACH Deposit","ACH","","","$200.00"
"10/2/2024","10/2/2024","10/3/2024","LULU","Lululemon
CUSIP: 550021109
Recurring","Buy","0.114582","$261.82","($30.00)"
"10/1/2024","10/1/2024","10/1/2024","VOO","Cash Div: R/D 2024-09-27 P/D 2024-10-01 - 50.408054 shares at 1.6386","CDIV","","","$82.60"
"9/30/2024","9/30/2024","10/1/2024","VOO","Vanguard S&P 500 ETF
CUSIP: 922908363
Recurring","Buy","0.361903","$525.00","($190.00)"
"9/30/2024","9/30/2024","10/1/2024","","ACH Deposit","ACH","","","$190.00"
"9/27/2024","9/27/2024","9/27/2024","QQQM","Cash Div: R/D 2024-09-23 P/D 2024-09-27 - 96.75215 shares at 0.29987","CDIV","","","$29.01"
"9/26/2024","9/26/2024","9/26/2024","META","Cash Div: R/D 2024-09-16 P/D 2024-09-26 - 3 shares at 0.5","CDIV","","","$1.50"
"9/26/2024","9/26/2024","9/27/2024","QQQM","Invesco Exchange-Traded Fund Trust II Invesco NASDAQ 100 ETF
CUSIP: 46138G649
Recurring","Buy","0.947111","$200.61","($190.00)"
"9/26/2024","9/26/2024","9/27/2024","","ACH Deposit","ACH","","","$190.00"
"9/25/2024","9/25/2024","9/26/2024","LULU","Lululemon
CUSIP: 550021109
Recurring","Buy","0.116157","$258.27","($30.00)"
"9/23/2024","9/23/2024","9/24/2024","VOO","Vanguard S&P 500 ETF
CUSIP: 922908363
Recurring","Buy","0.361959","$524.92","($190.00)"
"9/23/2024","9/23/2024","9/24/2024","","ACH Deposit","ACH","","","$190.00"
"9/19/2024","9/19/2024","9/20/2024","QQQM","Invesco Exchange-Traded Fund Trust II Invesco NASDAQ 100 ETF
CUSIP: 46138G649
Recurring","Buy","0.951093","$199.77","($190.00)"
"9/19/2024","9/19/2024","9/20/2024","","ACH Deposit","ACH","","","$190.00"
"9/18/2024","9/18/2024","9/19/2024","LULU","Lululemon
CUSIP: 550021109
Recurring","Buy","0.111053","$270.14","($30.00)"
"9/17/2024","9/17/2024","9/17/2024","MCD","Cash Div: R/D 2024-09-03 P/D 2024-09-17 - 4.6 shares at 1.67","CDIV","","","$7.68"
"9/16/2024","9/16/2024","9/16/2024","GOOGL","Cash Div: R/D 2024-09-09 P/D 2024-09-16 - 10 shares at 0.2","CDIV","","","$2.00"
"9/16/2024","9/16/2024","9/17/2024","VOO","Vanguard S&P 500 ETF
CUSIP: 922908363
Recurring","Buy","0.367867","$516.49","($190.00)"
"9/16/2024","9/16/2024","9/17/2024","","ACH Deposit","ACH","","","$190.00"
"9/12/2024","9/12/2024","9/12/2024","MSFT","Cash Div: R/D 2024-08-15 P/D 2024-09-12 - 4 shares at 0.75","CDIV","","","$3.00"
"9/12/2024","9/12/2024","9/12/2024","HD","Cash Div: R/D 2024-08-29 P/D 2024-09-12 - 2.8 shares at 2.25","CDIV","","","$6.30"
"9/12/2024","9/12/2024","9/13/2024","QQQM","Invesco Exchange-Traded Fund Trust II Invesco NASDAQ 100 ETF
CUSIP: 46138G649
Recurring","Buy","0.977668","$194.34","($190.00)"
"9/12/2024","9/12/2024","9/13/2024","","ACH Deposit","ACH","","","$190.00"
"9/11/2024","9/11/2024","9/12/2024","LULU","Lululemon
CUSIP: 550021109
Recurring","Buy","0.119085","$251.92","($30.00)"
"9/11/2024","9/11/2024","9/12/2024","VOO","Vanguard S&P 500 ETF
CUSIP: 922908363","Buy","0.5","$497.12","($248.56)"
"9/10/2024","9/10/2024","9/11/2024","SMH","VanEck Semiconductor ETF
CUSIP: 92189F676","Buy","0.2","$217.96","($43.59)"
"9/10/2024","9/10/2024","9/11/2024","VOO","Vanguard S&P 500 ETF
CUSIP: 922908363","Buy","0.5","$501.69","($250.85)"
"9/9/2024","9/9/2024","9/10/2024","VOO","Vanguard S&P 500 ETF
CUSIP: 922908363
Recurring","Buy","0.378094","$502.52","($190.00)"
"9/9/2024","9/9/2024","9/10/2024","","ACH Deposit","ACH","","","$190.00"
"9/9/2024","9/9/2024","9/10/2024","SMH","VanEck Semiconductor ETF
CUSIP: 92189F676","Buy","0.2","$216.65","($43.33)"
"9/6/2024","9/6/2024","9/6/2024","TLT","Cash Div: R/D 2024-09-03 P/D 2024-09-06 - 8.998668 shares at 0.312782","CDIV","","","$2.81"
"9/6/2024","9/6/2024","9/9/2024","QQQM","Invesco Exchange-Traded Fund Trust II Invesco NASDAQ 100 ETF
CUSIP: 46138G649","Buy","1","$184.74","($184.74)"
"9/6/2024","9/6/2024","9/9/2024","SMH","VanEck Semiconductor ETF
CUSIP: 92189F676","Buy","0.1","$214.05","($21.41)"
"9/6/2024","9/6/2024","9/9/2024","VOO","Vanguard S&P 500 ETF
CUSIP: 922908363","Buy","0.3","$496.85","($149.06)"
"9/6/2024","9/6/2024","9/6/2024","","Instant bank transfer - account ending in 6638","RTP","","","$1,200.00"
"9/6/2024","9/6/2024","9/9/2024","SMH","VanEck Semiconductor ETF
CUSIP: 92189F676","Buy","0.1","$218.43","($21.84)"
"9/5/2024","9/5/2024","9/6/2024","QQQM","Invesco Exchange-Traded Fund Trust II Invesco NASDAQ 100 ETF
CUSIP: 46138G649
Recurring","Buy","1.005344","$188.99","($190.00)"
"9/5/2024","9/5/2024","9/6/2024","","ACH Deposit","ACH","","","$190.00"
"9/4/2024","9/4/2024","9/5/2024","LULU","Lululemon
CUSIP: 550021109
Recurring","Buy","0.11721","$255.95","($30.00)"
"9/3/2024","9/3/2024","9/4/2024","VOO","Vanguard S&P 500 ETF
CUSIP: 922908363
Recurring","Buy","0.372475","$510.10","($190.00)"
"9/3/2024","9/3/2024","9/4/2024","","ACH Deposit","ACH","","","$190.00"
"8/29/2024","8/29/2024","8/30/2024","QQQM","Invesco Exchange-Traded Fund Trust II Invesco NASDAQ 100 ETF
CUSIP: 46138G649
Recurring","Buy","0.969734","$195.93","($190.00)"
"8/29/2024","8/29/2024","8/30/2024","","ACH Deposit","ACH","","","$190.00"
"8/28/2024","8/28/2024","8/29/2024","LULU","Lululemon
CUSIP: 550021109
Recurring","Buy","0.116058","$258.49","($30.00)"
"8/26/2024","8/26/2024","8/27/2024","VOO","Vanguard S&P 500 ETF
CUSIP: 922908363
Recurring","Buy","0.368731","$515.28","($190.00)"
"8/26/2024","8/26/2024","8/27/2024","","ACH Deposit","ACH","","","$190.00"
"8/22/2024","8/22/2024","8/23/2024","QQQM","Invesco Exchange-Traded Fund Trust II Invesco NASDAQ 100 ETF
CUSIP: 46138G649
Recurring","Buy","0.965987","$196.69","($190.00)"
"8/22/2024","8/22/2024","8/23/2024","","ACH Deposit","ACH","","","$190.00"
"8/21/2024","8/21/2024","8/22/2024","LULU","Lululemon
CUSIP: 550021109
Recurring","Buy","0.112338","$267.05","($30.00)"
"8/19/2024","8/19/2024","8/20/2024","VOO","Vanguard S&P 500 ETF
CUSIP: 922908363
Recurring","Buy","0.371006","$512.12","($190.00)"
"8/19/2024","8/19/2024","8/20/2024","","ACH Deposit","ACH","","","$190.00"
"8/15/2024","8/15/2024","8/15/2024","AAPL","Cash Div: R/D 2024-08-12 P/D 2024-08-15 - 7.4 shares at 0.25","CDIV","","","$1.85"
"8/15/2024","8/15/2024","8/16/2024","QQQM","Invesco Exchange-Traded Fund Trust II Invesco NASDAQ 100 ETF
CUSIP: 46138G649
Recurring","Buy","0.975109","$194.85","($190.00)"
"8/15/2024","8/15/2024","8/16/2024","","ACH Deposit","ACH","","","$190.00"
"8/14/2024","8/14/2024","8/15/2024","LULU","Lululemon
CUSIP: 550021109
Recurring","Buy","0.123772","$242.38","($30.00)"
"8/12/2024","8/12/2024","8/13/2024","VOO","Vanguard S&P 500 ETF
CUSIP: 922908363
Recurring","Buy","0.38732","$490.55","($190.00)"
"8/12/2024","8/12/2024","8/13/2024","","ACH Deposit","ACH","","","$190.00"
"8/9/2024","8/9/2024","8/9/2024","COST","Cash Div: R/D 2024-07-26 P/D 2024-08-09 - 0.2 shares at 1.16","CDIV","","","$0.23"
"8/9/2024","8/9/2024","8/12/2024","VOO","Vanguard S&P 500 ETF
CUSIP: 922908363","Buy","0.5","$488.24","($244.12)"
"8/8/2024","8/8/2024","8/9/2024","QQQM","Invesco Exchange-Traded Fund Trust II Invesco NASDAQ 100 ETF
CUSIP: 46138G649","Buy","1","$183.78","($183.78)"
"8/8/2024","8/8/2024","8/9/2024","VOO","Vanguard S&P 500 ETF
CUSIP: 922908363","Buy","0.5","$486.26","($243.13)"
"8/8/2024","8/8/2024","8/9/2024","QQQM","Invesco Exchange-Traded Fund Trust II Invesco NASDAQ 100 ETF
CUSIP: 46138G649
Recurring","Buy","1.031375","$184.22","($190.00)"
"8/8/2024","8/8/2024","8/9/2024","","ACH Deposit","ACH","","","$190.00"
"8/7/2024","8/7/2024","8/8/2024","VOO","Vanguard S&P 500 ETF
CUSIP: 922908363","Buy","0.5","$479.30","($239.65)"
"8/7/2024","8/7/2024","8/8/2024","TSLA","Tesla
CUSIP: 88160R101","Buy","0.2","$194.42","($38.88)"
"8/7/2024","8/7/2024","8/8/2024","LULU","Lululemon
CUSIP: 550021109
Recurring","Buy","0.125538","$238.97","($30.00)"
"8/6/2024","8/6/2024","8/6/2024","TLT","Cash Div: R/D 2024-08-01 P/D 2024-08-06 - 8.998668 shares at 0.314856","CDIV","","","$2.83"
"8/6/2024","8/6/2024","8/7/2024","","ACH Deposit","ACH","","","$1,000.00"
"8/6/2024","8/6/2024","8/7/2024","VOO","Vanguard S&P 500 ETF
CUSIP: 922908363","Buy","0.5","$481.57","($240.79)"
"8/6/2024","8/6/2024","8/7/2024","TSLA","Tesla
CUSIP: 88160R101","Buy","0.2","$196.82","($39.37)"
"8/5/2024","8/5/2024","8/6/2024","VOO","Vanguard S&P 500 ETF
CUSIP: 922908363
Recurring","Buy","0.397747","$477.69","($190.00)"
"8/5/2024","8/5/2024","8/6/2024","","ACH Deposit","ACH","","","$190.00"
"8/5/2024","8/5/2024","8/6/2024","VOO","Vanguard S&P 500 ETF
CUSIP: 922908363","Buy","0.5","$475.64","($237.82)"
"8/2/2024","8/2/2024","8/5/2024","QQQM","Invesco Exchange-Traded Fund Trust II Invesco NASDAQ 100 ETF
CUSIP: 46138G649","Buy","0.5","$185.16","($92.58)"
"8/2/2024","8/2/2024","8/5/2024","VOO","Vanguard S&P 500 ETF
CUSIP: 922908363","Buy","0.5","$488.55","($244.28)"
"8/1/2024","8/1/2024","8/2/2024","VOO","Vanguard S&P 500 ETF
CUSIP: 922908363","Buy","0.5","$496.28","($248.14)"
"8/1/2024","8/1/2024","8/2/2024","QQQM","Invesco Exchange-Traded Fund Trust II Invesco NASDAQ 100 ETF
CUSIP: 46138G649
Recurring","Buy","1.004918","$189.07","($190.00)"
"8/1/2024","8/1/2024","8/2/2024","","ACH Deposit","ACH","","","$1,000.00"
"8/1/2024","8/1/2024","8/2/2024","","ACH Deposit","ACH","","","$190.00"
"7/31/2024","7/31/2024","8/1/2024","LULU","Lululemon
CUSIP: 550021109
Recurring","Buy","0.115331","$260.12","($30.00)"
"7/31/2024","7/31/2024","8/1/2024","SMH","VanEck Semiconductor ETF
CUSIP: 92189F676","Buy","0.2","$243.94","($48.79)"
"7/30/2024","7/30/2024","7/31/2024","VOO","Vanguard S&P 500 ETF
CUSIP: 922908363","Buy","0.5","$497.76","($248.88)"
"7/30/2024","7/30/2024","7/31/2024","QQQM","Invesco Exchange-Traded Fund Trust II Invesco NASDAQ 100 ETF
CUSIP: 46138G649","Buy","1","$188.33","($188.33)"
"7/29/2024","7/29/2024","7/30/2024","VOO","Vanguard S&P 500 ETF
CUSIP: 922908363
Recurring","Buy","0.379007","$501.31","($190.00)"
"7/29/2024","7/29/2024","7/30/2024","","ACH Deposit","ACH","","","$190.00"
"7/25/2024","7/25/2024","7/26/2024","QQQM","Invesco Exchange-Traded Fund Trust II Invesco NASDAQ 100 ETF
CUSIP: 46138G649
Recurring","Buy","0.992115","$191.51","($190.00)"
"7/25/2024","7/25/2024","7/26/2024","","ACH Deposit","ACH","","","$190.00"
"7/25/2024","7/25/2024","7/26/2024","SMH","VanEck Semiconductor ETF
CUSIP: 92189F676","Buy","0.1","$239.59","($23.96)"
"7/25/2024","7/25/2024","7/26/2024","VOO","Vanguard S&P 500 ETF
CUSIP: 922908363","Buy","0.2","$499.38","($99.88)"
"7/24/2024","7/24/2024","7/25/2024","","ACH Deposit","ACH","","","$800.00"
"7/24/2024","7/24/2024","7/25/2024","LULU","Lululemon
CUSIP: 550021109
Recurring","Buy","0.110128","$272.41","($30.00)"
"7/24/2024","7/24/2024","7/25/2024","VOO","Vanguard S&P 500 ETF
CUSIP: 922908363","Buy","0.5","$500.66","($250.33)"
"7/22/2024","7/22/2024","7/23/2024","VOO","Vanguard S&P 500 ETF
CUSIP: 922908363
Recurring","Buy","0.372782","$509.68","($190.00)"
"7/22/2024","7/22/2024","7/23/2024","","ACH Deposit","ACH","","","$190.00"
"7/18/2024","7/18/2024","7/19/2024","QQQM","Invesco Exchange-Traded Fund Trust II Invesco NASDAQ 100 ETF
CUSIP: 46138G649
Recurring","Buy","0.962366","$197.43","($190.00)"
"7/18/2024","7/18/2024","7/19/2024","","ACH Deposit","ACH","","","$190.00"
"7/17/2024","7/17/2024","7/18/2024","LULU","Lululemon
CUSIP: 550021109
Recurring","Buy","0.10327","$290.50","($30.00)"
"7/15/2024","7/15/2024","7/16/2024","VOO","Vanguard S&P 500 ETF
CUSIP: 922908363
Recurring","Buy","0.368281","$515.91","($190.00)"
"7/15/2024","7/15/2024","7/16/2024","","ACH Deposit","ACH","","","$190.00"
"7/11/2024","7/11/2024","7/12/2024","QQQM","Invesco Exchange-Traded Fund Trust II Invesco NASDAQ 100 ETF
CUSIP: 46138G649
Recurring","Buy","0.937207","$202.73","($190.00)"
"7/11/2024","7/11/2024","7/12/2024","","ACH Deposit","ACH","","","$190.00"
"7/10/2024","7/10/2024","7/11/2024","LULU","Lululemon
CUSIP: 550021109
Recurring","Buy","0.104847","$286.13","($30.00)"
"7/9/2024","7/9/2024","7/10/2024","LULU","Lululemon
CUSIP: 550021109","Buy","0.5","$289.50","($144.75)"
"7/8/2024","7/8/2024","7/9/2024","VOO","Vanguard S&P 500 ETF
CUSIP: 922908363
Recurring","Buy","1.352967","$509.99","($690.00)"
"7/8/2024","7/8/2024","7/9/2024","","ACH Deposit","ACH","","","$690.00"
"7/5/2024","7/5/2024","7/5/2024","TLT","Cash Div: R/D 2024-07-01 P/D 2024-07-05 - 8 shares at 0.291104","CDIV","","","$2.33"
"7/5/2024","7/5/2024","7/8/2024","QQQM","Invesco Exchange-Traded Fund Trust II Invesco NASDAQ 100 ETF
CUSIP: 46138G649
Recurring","Buy","0.930825","$204.12","($190.00)"
"7/5/2024","7/5/2024","7/8/2024","","ACH Deposit","ACH","","","$190.00"
"7/2/2024","7/2/2024","7/2/2024","VOO","Cash Div: R/D 2024-06-28 P/D 2024-07-02 - 37.552243 shares at 1.7835","CDIV","","","$66.97"
"7/2/2024","7/2/2024","7/3/2024","TLT","iShares 20+ Year Treasury Bond ETF
CUSIP: 464287432
Recurring","Buy","0.998668","$90.12","($90.00)"
"7/1/2024","7/1/2024","7/2/2024","VOO","Vanguard S&P 500 ETF
CUSIP: 922908363
Recurring","Buy","1.377575","$500.88","($690.00)"
"7/1/2024","7/1/2024","7/2/2024","","ACH Deposit","ACH","","","$690.00"
"6/28/2024","6/28/2024","6/28/2024","QQQM","Cash Div: R/D 2024-06-24 P/D 2024-06-28 - 80.589492 shares at 0.3199","CDIV","","","$25.78"
"6/28/2024","6/28/2024","6/28/2024","NVDA","Cash Div: R/D 2024-06-11 P/D 2024-06-28 - 30 shares at 0.01","CDIV","","","$0.30"
"6/27/2024","6/27/2024","6/28/2024","QQQM","Invesco Exchange-Traded Fund Trust II Invesco NASDAQ 100 ETF
CUSIP: 46138G649
Recurring","Buy","0.958917","$198.14","($190.00)"
"6/27/2024","6/27/2024","6/28/2024","","ACH Deposit","ACH","","","$190.00"
"6/26/2024","6/26/2024","6/26/2024","META","Cash Div: R/D 2024-06-14 P/D 2024-06-26 - 3 shares at 0.5","CDIV","","","$1.50"
"6/24/2024","6/24/2024","6/25/2024","VOO","Vanguard S&P 500 ETF
CUSIP: 922908363
Recurring","Buy","2.311355","$501.87","($1,160.00)"
"6/24/2024","6/24/2024","6/25/2024","","ACH Deposit","ACH","","","$1,160.00"
"6/20/2024","6/20/2024","6/21/2024","","ACH Deposit","ACH","","","$500.00"
"6/20/2024","6/20/2024","6/21/2024","TSLA","Tesla
CUSIP: 88160R101
Recurring","Buy","0.221655","$180.46","($40.00)"
"6/20/2024","6/20/2024","6/21/2024","QQQM","Invesco Exchange-Traded Fund Trust II Invesco NASDAQ 100 ETF
CUSIP: 46138G649
Recurring","Buy","0.807754","$198.08","($160.00)"
"6/20/2024","6/20/2024","6/21/2024","","ACH Deposit","ACH","","","$160.00"
"6/18/2024","6/18/2024","6/20/2024","MCD","McDonald's
CUSIP: 580135101","Buy","0.1","$250.47","($25.05)"
"6/17/2024","6/17/2024","6/17/2024","GOOGL","Cash Div: R/D 2024-06-10 P/D 2024-06-17 - 10 shares at 0.2","CDIV","","","$2.00"
"6/17/2024","6/17/2024","6/17/2024","MCD","Cash Div: R/D 2024-06-03 P/D 2024-06-17 - 4.4 shares at 1.67","CDIV","","","$7.35"
"6/17/2024","6/17/2024","6/18/2024","VOO","Vanguard S&P 500 ETF
CUSIP: 922908363
Recurring","Buy","0.238625","$502.88","($120.00)"
"6/17/2024","6/17/2024","6/18/2024","","ACH Deposit","ACH","","","$120.00"
"6/13/2024","6/13/2024","6/13/2024","HD","Cash Div: R/D 2024-05-30 P/D 2024-06-13 - 2.8 shares at 2.25","CDIV","","","$6.30"
"6/13/2024","6/13/2024","6/13/2024","MSFT","Cash Div: R/D 2024-05-16 P/D 2024-06-13 - 4 shares at 0.75","CDIV","","","$3.00"
"6/13/2024","6/13/2024","6/14/2024","QQQM","Invesco Exchange-Traded Fund Trust II Invesco NASDAQ 100 ETF
CUSIP: 46138G649
Recurring","Buy","0.612432","$195.94","($120.00)"
"6/13/2024","6/13/2024","6/14/2024","MCD","McDonald's
CUSIP: 580135101","Buy","0.1","$251.44","($25.14)"
"6/13/2024","6/13/2024","6/14/2024","","ACH Deposit","ACH","","","$120.00"
"6/11/2024","6/11/2024","6/12/2024","TSLA","Tesla
CUSIP: 88160R101","Buy","0.24","$169.72","($40.73)"
"6/10/2024","6/10/2024","6/11/2024","TLT","iShares 20+ Year Treasury Bond ETF
CUSIP: 464287432","Buy","1","$90.87","($90.87)"
"6/10/2024","6/10/2024","6/11/2024","VOO","Vanguard S&P 500 ETF
CUSIP: 922908363
Recurring","Buy","0.244289","$491.22","($120.00)"
"6/10/2024","6/10/2024","6/11/2024","","ACH Deposit","ACH","","","$120.00"
"6/10/2024","6/10/2024","6/10/2024","NVDA","NVIDIA
CUSIP: 67066G104","SPL","27","",""
"6/7/2024","6/7/2024","6/7/2024","TLT","Cash Div: R/D 2024-06-03 P/D 2024-06-07 - 6 shares at 0.308295","CDIV","","","$1.85"
"6/7/2024","6/7/2024","6/10/2024","TLT","iShares 20+ Year Treasury Bond ETF
CUSIP: 464287432","Buy","1","$91.78","($91.78)"
"6/6/2024","6/6/2024","6/7/2024","QQQM","Invesco Exchange-Traded Fund Trust II Invesco NASDAQ 100 ETF
CUSIP: 46138G649
Recurring","Buy","0.628798","$190.84","($120.00)"
"6/6/2024","6/6/2024","6/7/2024","","ACH Deposit","ACH","","","$120.00"
"6/5/2024","6/5/2024","6/6/2024","TSLA","Tesla
CUSIP: 88160R101
Recurring","Buy","0.228128","$175.34","($40.00)"
"6/3/2024","6/3/2024","6/4/2024","","ACH Withdrawal","ACH","","","($1,000.00)"
"6/3/2024","6/3/2024","6/4/2024","VOO","Vanguard S&P 500 ETF
CUSIP: 922908363
Recurring","Buy","0.248766","$482.38","($120.00)"
"6/3/2024","6/3/2024","6/4/2024","","ACH Deposit","ACH","","","$120.00"
"5/31/2024","5/31/2024","6/3/2024","MCD","McDonald's
CUSIP: 580135101","Buy","0.2","$254.72","($50.94)"
"5/30/2024","5/30/2024","5/31/2024","QQQM","Invesco Exchange-Traded Fund Trust II Invesco NASDAQ 100 ETF
CUSIP: 46138G649
Recurring","Buy","0.641711","$187.00","($120.00)"
"5/30/2024","5/30/2024","5/31/2024","","ACH Deposit","ACH","","","$120.00"
"5/29/2024","5/29/2024","5/30/2024","MCD","McDonald's
CUSIP: 580135101","Buy","0.2","$251.68","($50.34)"
"5/29/2024","5/29/2024","5/30/2024","TLT","iShares 20+ Year Treasury Bond ETF
CUSIP: 464287432","Buy","1","$88.98","($88.98)"
"5/28/2024","5/28/2024","5/29/2024","MCD","McDonald's
CUSIP: 580135101","Buy","0.3","$253.58","($76.07)"
"5/28/2024","5/28/2024","5/29/2024","VOO","Vanguard S&P 500 ETF
CUSIP: 922908363
Recurring","Buy","0.246447","$486.92","($120.00)"
"5/28/2024","5/28/2024","5/29/2024","","ACH Deposit","ACH","","","$120.00"
"5/28/2024","5/28/2024","5/29/2024","TLT","iShares 20+ Year Treasury Bond ETF
CUSIP: 464287432","Buy","1","$90.63","($90.63)"
"5/23/2024","5/23/2024","5/28/2024","QQQM","Invesco Exchange-Traded Fund Trust II Invesco NASDAQ 100 ETF
CUSIP: 46138G649
Recurring","Buy","0.63789","$188.12","($120.00)"
"5/23/2024","5/23/2024","5/24/2024","","ACH Deposit","ACH","","","$120.00"
"5/22/2024","5/22/2024","5/24/2024","TSLA","Tesla
CUSIP: 88160R101
Recurring","Buy","0.222432","$179.83","($40.00)"
"5/22/2024","5/22/2024","5/24/2024","TLT","iShares 20+ Year Treasury Bond ETF
CUSIP: 464287432","Buy","1","$91.50","($91.50)"
"5/21/2024","5/21/2024","5/23/2024","TLT","iShares 20+ Year Treasury Bond ETF
CUSIP: 464287432","Buy","2","$91.57","($183.14)"
"5/20/2024","5/20/2024","5/22/2024","VOO","Vanguard S&P 500 ETF
CUSIP: 922908363
Recurring","Buy","0.246184","$487.44","($120.00)"
"5/20/2024","5/20/2024","5/21/2024","","ACH Deposit","ACH","","","$120.00"
"5/20/2024","5/20/2024","5/22/2024","TLT","iShares 20+ Year Treasury Bond ETF
CUSIP: 464287432","Buy","1","$91.04","($91.05)"
"5/16/2024","5/16/2024","5/16/2024","AAPL","Cash Div: R/D 2024-05-13 P/D 2024-05-16 - 7.4 shares at 0.25","CDIV","","","$1.85"
"5/16/2024","5/16/2024","5/20/2024","QQQM","Invesco Exchange-Traded Fund Trust II Invesco NASDAQ 100 ETF
CUSIP: 46138G649
Recurring","Buy","0.643293","$186.54","($120.00)"
"5/16/2024","5/16/2024","5/17/2024","","ACH Deposit","ACH","","","$120.00"
"5/13/2024","5/13/2024","5/15/2024","VOO","Vanguard S&P 500 ETF
CUSIP: 922908363
Recurring","Buy","0.250752","$478.56","($120.00)"
"5/13/2024","5/13/2024","5/14/2024","","ACH Deposit","ACH","","","$120.00"
"5/10/2024","5/10/2024","5/10/2024","COST","Cash Div: R/D 2024-04-26 P/D 2024-05-10 - 0.2 shares at 1.16","CDIV","","","$0.23"
"5/10/2024","5/10/2024","5/14/2024","TSLA","Tesla
CUSIP: 88160R101","Buy","0.1","$168.27","($16.83)"
"5/9/2024","5/9/2024","5/13/2024","QQQM","Invesco Exchange-Traded Fund Trust II Invesco NASDAQ 100 ETF
CUSIP: 46138G649
Recurring","Buy","0.661229","$181.48","($120.00)"
"5/9/2024","5/9/2024","5/10/2024","","ACH Deposit","ACH","","","$120.00"
"5/6/2024","5/6/2024","5/8/2024","VOO","Vanguard S&P 500 ETF
CUSIP: 922908363
Recurring","Buy","0.253667","$473.06","($120.00)"
"5/6/2024","5/6/2024","5/7/2024","","ACH Deposit","ACH","","","$120.00"
"5/2/2024","5/2/2024","5/6/2024","QQQM","Invesco Exchange-Traded Fund Trust II Invesco NASDAQ 100 ETF
CUSIP: 46138G649
Recurring","Buy","0.684775","$175.24","($120.00)"
"5/2/2024","5/2/2024","5/3/2024","","ACH Deposit","ACH","","","$120.00"
"5/1/2024","5/1/2024","5/3/2024","VOO","Vanguard S&P 500 ETF
CUSIP: 922908363","Buy","0.25","$459.82","($114.96)"
"4/29/2024","4/29/2024","5/1/2024","VOO","Vanguard S&P 500 ETF
CUSIP: 922908363
Recurring","Buy","0.255781","$469.15","($120.00)"
"4/29/2024","4/29/2024","4/30/2024","","ACH Deposit","ACH","","","$120.00"
"4/26/2024","4/26/2024","4/30/2024","TSLA","Tesla
CUSIP: 88160R101
Recurring","Buy","0.46885","$170.63","($80.00)"
"4/26/2024","4/26/2024","4/29/2024","","ACH Deposit","ACH","","","$80.00"
"4/25/2024","4/25/2024","4/29/2024","QQQM","Invesco Exchange-Traded Fund Trust II Invesco NASDAQ 100 ETF
CUSIP: 46138G649
Recurring","Buy","0.574745","$173.99","($100.00)"
"4/25/2024","4/25/2024","4/26/2024","","ACH Deposit","ACH","","","$100.00"
"4/25/2024","4/25/2024","4/29/2024","VOO","Vanguard S&P 500 ETF
CUSIP: 922908363","Buy","0.2","$458.66","($91.73)"
"4/22/2024","4/22/2024","4/24/2024","VOO","Vanguard S&P 500 ETF
CUSIP: 922908363
Recurring","Buy","0.217537","$459.69","($100.00)"
"4/22/2024","4/22/2024","4/23/2024","","ACH Deposit","ACH","","","$100.00"
"4/22/2024","4/22/2024","4/24/2024","QQQM","Invesco Exchange-Traded Fund Trust II Invesco NASDAQ 100 ETF
CUSIP: 46138G649","Buy","0.3","$170.53","($51.16)"
"4/22/2024","4/22/2024","4/24/2024","VOO","Vanguard S&P 500 ETF
CUSIP: 922908363","Buy","0.25","$455.86","($113.97)"
"4/19/2024","4/19/2024","4/23/2024","VOO","Vanguard S&P 500 ETF
CUSIP: 922908363","Buy","0.25","$456.83","($114.21)"
"4/19/2024","4/19/2024","4/23/2024","TSLA","Tesla
CUSIP: 88160R101","Buy","0.2","$149.45","($29.89)"
"4/18/2024","4/18/2024","4/22/2024","QQQM","Invesco Exchange-Traded Fund Trust II Invesco NASDAQ 100 ETF
CUSIP: 46138G649
Recurring","Buy","0.572868","$174.56","($100.00)"
"4/18/2024","4/18/2024","4/22/2024","VOO","Vanguard S&P 500 ETF
CUSIP: 922908363","Buy","0.2","$459.06","($91.81)"
"4/18/2024","4/18/2024","4/19/2024","","ACH Deposit","ACH","","","$100.00"
"4/18/2024","4/18/2024","4/22/2024","TSLA","Tesla
CUSIP: 88160R101","Buy","0.2","$150.90","($30.18)"
"4/17/2024","4/17/2024","4/19/2024","VOO","Vanguard S&P 500 ETF
CUSIP: 922908363","Buy","0.1","$462.94","($46.29)"
"4/17/2024","4/17/2024","4/19/2024","TSLA","Tesla
CUSIP: 88160R101","Buy","0.2","$155.30","($31.06)"
"4/16/2024","4/16/2024","4/18/2024","TSLA","Tesla
CUSIP: 88160R101","Buy","0.3","$157.17","($47.15)"
"4/16/2024","4/16/2024","4/18/2024","VOO","Vanguard S&P 500 ETF
CUSIP: 922908363","Buy","0.2","$463.26","($92.65)"
"4/15/2024","4/15/2024","4/17/2024","VOO","Vanguard S&P 500 ETF
CUSIP: 922908363
Recurring","Buy","0.214776","$465.60","($100.00)"
"4/15/2024","4/15/2024","4/16/2024","","ACH Deposit","ACH","","","$100.00"
"4/9/2024","4/9/2024","4/11/2024","GOOGL","Alphabet Class A
CUSIP: 02079K305","Sell","1","$156.52","$156.52"
"4/8/2024","4/8/2024","4/10/2024","VOO","Vanguard S&P 500 ETF
CUSIP: 922908363
Recurring","Buy","0.733614","$477.09","($350.00)"
"4/8/2024","4/8/2024","4/9/2024","","ACH Deposit","ACH","","","$350.00"
"4/2/2024","4/2/2024","4/2/2024","BAC","Cash Div: R/D 2024-03-01 P/D 2024-04-01 - 12 shares at 0.24","CDIV","","","$2.88"
"3/28/2024","3/28/2024","3/28/2024","GS","Cash Div: R/D 2024-02-29 P/D 2024-03-28 - 0.4 shares at 2.75","CDIV","","","$1.10"
"3/27/2024","3/27/2024","3/27/2024","VOO","Cash Div: R/D 2024-03-25 P/D 2024-03-27 - 30.64045 shares at 1.5429","CDIV","","","$47.28"
"3/27/2024","3/27/2024","3/27/2024","NVDA","Cash Div: R/D 2024-03-06 P/D 2024-03-27 - 3 shares at 0.04","CDIV","","","$0.12"
"3/26/2024","3/26/2024","3/26/2024","META","Cash Div: R/D 2024-02-22 P/D 2024-03-26 - 3 shares at 0.5","CDIV","","","$1.50"
"3/22/2024","3/22/2024","3/22/2024","QQQM","Cash Div: R/D 2024-03-19 P/D 2024-03-22 - 71.926053 shares at 0.34537","CDIV","","","$24.84"
"3/21/2024","3/21/2024","3/21/2024","HD","Cash Div: R/D 2024-03-07 P/D 2024-03-21 - 2.8 shares at 2.25","CDIV","","","$6.30"
"3/21/2024","3/21/2024","3/25/2024","QQQM","Invesco Exchange-Traded Fund Trust II Invesco NASDAQ 100 ETF
CUSIP: 46138G649
Recurring","Buy","1.897944","$184.41","($350.00)"
"3/21/2024","3/21/2024","3/22/2024","","ACH Deposit","ACH","","","$350.00"
"3/15/2024","3/15/2024","3/15/2024","MCD","Cash Div: R/D 2024-03-01 P/D 2024-03-15 - 3.7 shares at 1.67","CDIV","","","$6.18"
"3/14/2024","3/14/2024","3/14/2024","MSFT","Cash Div: R/D 2024-02-15 P/D 2024-03-14 - 4 shares at 0.75","CDIV","","","$3.00"
"3/14/2024","3/14/2024","3/18/2024","TSLA","Tesla
CUSIP: 88160R101","Buy","0.2","$166.10","($33.22)"
"3/13/2024","3/13/2024","3/15/2024","GOOGL","Alphabet Class A
CUSIP: 02079K305","Sell","1","$140.66","$140.66"
"3/13/2024","3/13/2024","3/15/2024","AMZN","Amazon
CUSIP: 023135106","Sell","1","$177.20","$177.20"
"3/13/2024","3/13/2024","3/15/2024","GOOGL","Alphabet Class A
CUSIP: 02079K305","Sell","2","$140.61","$281.22"
"3/8/2024","3/8/2024","3/12/2024","DIS","Disney
CUSIP: 254687106","Sell","10","$110.44","$1,104.44"
"3/8/2024","3/8/2024","3/12/2024","BAC","Bank of America
CUSIP: 060505104","Sell","12","$35.73","$428.76"
"3/8/2024","3/8/2024","3/12/2024","GS","Goldman Sachs
CUSIP: 38141G104","Sell","0.4","$391.55","$156.62"
"3/7/2024","3/7/2024","3/11/2024","DIS","Disney
CUSIP: 254687106","Sell","2","$110.16","$220.33"
"3/7/2024","3/7/2024","3/11/2024","AAPL","Apple
CUSIP: 037833100","Buy","0.1","$168.76","($16.88)"
"3/6/2024","3/6/2024","3/8/2024","VOO","Vanguard S&P 500 ETF
CUSIP: 922908363
Recurring","Buy","0.745855","$469.26","($350.00)"
"3/6/2024","3/6/2024","3/8/2024","TSLA","Tesla
CUSIP: 88160R101","Buy","0.1","$177.49","($17.75)"
"3/6/2024","3/6/2024","3/8/2024","AAPL","Apple
CUSIP: 037833100","Buy","0.1","$169.65","($16.97)"
"3/6/2024","3/6/2024","3/7/2024","","ACH Deposit","ACH","","","$350.00"
"3/4/2024","3/4/2024","3/6/2024","TSLA","Tesla
CUSIP: 88160R101","Buy","0.2","$189.16","($37.83)"
"2/21/2024","2/21/2024","2/23/2024","QQQM","Invesco Exchange-Traded Fund Trust II Invesco NASDAQ 100 ETF
CUSIP: 46138G649
Recurring","Buy","2.007341","$174.36","($350.00)"
"2/21/2024","2/21/2024","2/22/2024","","ACH Deposit","ACH","","","$350.00"
"2/16/2024","2/16/2024","2/16/2024","COST","Cash Div: R/D 2024-02-02 P/D 2024-02-16 - 0.2 shares at 1.02","CDIV","","","$0.20"
"2/15/2024","2/15/2024","2/15/2024","AAPL","Cash Div: R/D 2024-02-12 P/D 2024-02-15 - 7.2 shares at 0.24","CDIV","","","$1.73"
"2/6/2024","2/6/2024","2/8/2024","VOO","Vanguard S&P 500 ETF
CUSIP: 922908363
Recurring","Buy","0.661988","$453.18","($300.00)"
"2/6/2024","2/6/2024","2/7/2024","","ACH Deposit","ACH","","","$300.00"
"1/25/2024","1/25/2024","1/29/2024","TSLA","Tesla
CUSIP: 88160R101","Buy","0.2","$181.98","($36.40)"
"1/25/2024","1/25/2024","1/29/2024","TSLA","Tesla
CUSIP: 88160R101","Buy","0.1","$181.86","($18.19)"
"1/22/2024","1/22/2024","1/24/2024","QQQM","Invesco Exchange-Traded Fund Trust II Invesco NASDAQ 100 ETF
CUSIP: 46138G649
Recurring","Buy","1.727314","$173.68","($300.00)"
"1/22/2024","1/22/2024","1/23/2024","","ACH Deposit","ACH","","","$300.00"
"1/12/2024","1/12/2024","1/12/2024","COST","Cash Div: R/D 2023-12-28 P/D 2024-01-12 - 0.2 shares at 15","CDIV","","","$3.00"
"1/10/2024","1/10/2024","1/10/2024","DIS","Cash Div: R/D 2023-12-11 P/D 2024-01-10 - 10 shares at 0.3","CDIV","","","$3.00"
"1/8/2024","1/8/2024","1/10/2024","VOO","Vanguard S&P 500 ETF
CUSIP: 922908363
Recurring","Buy","0.692376","$433.29","($300.00)"
"1/8/2024","1/8/2024","1/9/2024","","ACH Deposit","ACH","","","$300.00"
""
"","","","","","","","","","The data provided is for informational purposes only. Please consult a professional tax service or personal tax advisor if you need instructions on how to calculate cost basis or questions regarding your specific tax situation. Reminder: This data does not include Robinhood Crypto or Robinhood Spending activity."
